{
  "nitrogen":
    {"cas":     "7727-37-9",
     "formula": "N2",
     "mw":      28.0134,
     "t_crit":  126.14,
     "p_crit":  33978000,
	 "henry_constant": 7e9,
     "cp_liq":  [2.62519203941781, 2.5182418381688, -3.91727903425312E-02, 2.03011574069022E-04],
	 "cp_vapor": [28.7167713794797, 7.34582726095694E-03, -4.54759070492041E-05, 1.16406082454094E-07, -1.22458456787057E-10, 5.90449193986651E-14, -1.08748042093876E-17],
     "cp_solid":   [1600],
     "rho_liq": 887.6,
     "rho_solid": 887.6,
	 "p_vap": [8.7419, 264.651, -6.788],
	 "delta_hvap": 6100,
	 "tref_hvap": 78
    }
}