{
  "A":
    {"mw":       100,
     "t_crit":   632,
     "cp_liq":   [135.215465256606, 0.401510545972073, -1.03569456312656E-03, 1.45506511371582E-06, 0],
     "cp_solid":   [1600],
     "rho_liq": 857, 
     "rho_solid": 1080.4, 
     "p_vap":    [3.92161, 1411.869, -68.817],
     "mol_vol":  0.15897,
     "normal_state": "liquid",
     "heat_form_std": -256400
    },
  "B":
    {"mw":       100,
     "t_crit":   614.6,
     "cp_liq":   [173.533941416073, 0.459105851863442, -1.13661931943915E-03, 1.60123505430493E-06, 0],
     "cp_solid":   [1600],
     "rho_liq": 842, 
     "rho_solid": 1065.4, 
     "p_vap":    [4.06885, 1380.225, -67.285],
     "mol_vol":  0.16081,
     "normal_state": "liquid",
     "heat_form_std": -204880
    },
  "C":
    {"mw": 100,
     "mol_vol": 0,
     "cp_solid":   [1600],
	 "cp_liq": [173.533941416073, 0.459105851863442, -1.13661931943915E-03, 1.60123505430493E-06, 0],
     "rho_liq": 889.1, 
     "rho_solid": 1070.1, 
     "normal_state": "solid",
     "heat_form_std": -420000
    },
  "D":
    {"mw":      100,
     "t_crit":  615,
     "p_crit":  3550,
     "cp_liq":  [173.533941416073, 0.459105851863442, -1.13661931943915E-03, 1.60123505430493E-06, 0],
     "cp_solid":   [1600],
     "rho_liq": 867.1,
     "rho_solid": 1020.5,
     "mol_vol": 0.0811,
     "normal_state": "liquid",
     "heat_form_std": -415000
    },
  "solvent":
    {"mw":      72.107,
     "t_crit":  540.2,
     "p_crit":  3550,
     "cp_liq":  [63.393, 0.40257, -0.0012686, 0.0000018275, 0],
     "cp_solid":   [1600],
     "rho_liq": 887.6,
     "rho_solid": 887.6,
     "visc_liq": [-2.786, 476.81, 0.0049173, -0.0000068815],
     "p_vap": [9.23027, 1256.68, -40.529],
     "delta_hvap": 32300,
     "surf_tension": 0.02640,
     "tref_hvap": 305
    }
}