{
    "A": {
        "Formula": "C6H14",
        "CAS": "110-54-3",
        "mw": 86.1754,
        "p_vap": [
            9.00837661241373,
            1171.53,
            -48.784
        ],
        "rho_liq": 655,
        "rho_vap": 0.655,
        "rho_solid": 655,
        "cp_liq": [
            265.2
        ],
        "cp_vap": [
            143.26
        ],
        "cp_solid": 1600,
        "t_crit": 507.6,
        "p_crit": 3060015.0
    },
    "B": {
        "Formula": "C6H14",
        "CAS": "110-54-3",
        "mw": 86.1754,
        "p_vap": [
            9.00837661241373,
            1171.53,
            -48.784
        ],
        "rho_liq": 655,
        "rho_vap": 0.655,
        "rho_solid": 655,
        "cp_liq": [
            265.2
        ],
        "cp_vap": [
            143.26
        ],
        "cp_solid": 1600,
        "t_crit": 507.6,
        "p_crit": 3060015.0
    },
    "C": {
        "Formula": "C6H14",
        "CAS": "110-54-3",
        "mw": 86.1754,
        "p_vap": [
            9.00837661241373,
            1171.53,
            -48.784
        ],
        "rho_liq": 655,
        "rho_vap": 0.655,
        "rho_solid": 655,
        "cp_liq": [
            265.2
        ],
        "cp_vap": [
            143.26
        ],
        "cp_solid": 1600,
        "t_crit": 507.6,
        "p_crit": 3060015.0
    },
    "D": {
        "Formula": "C6H14",
        "CAS": "110-54-3",
        "mw": 86.1754,
        "p_vap": [
            9.00837661241373,
            1171.53,
            -48.784
        ],
        "rho_liq": 655,
        "rho_vap": 0.655,
        "rho_solid": 655,
        "cp_liq": [
            265.2
        ],
        "cp_vap": [
            143.26
        ],
        "cp_solid": 1600,
        "t_crit": 507.6,
        "p_crit": 3060015.0
    },
    "solvent": {
        "Formula": "C4H8O",
        "CAS": "109-99-9",
        "mw": 72.1057,
        "p_vap": [
            9.12689661241373,
            1202.942,
            -46.818
        ],
        "rho_liq": 887.6,
        "rho_vap": 0.8876,
        "rho_solid": 887.6,
        "cp_liq": [
            124.1
        ],
        "cp_vap": [
            77.18
        ],
        "cp_solid": 1600,
        "t_crit": 541.0,
        "p_crit": 5258767.5
    }
}