{
    "thf": {
        "Formula": "C4H8O",
        "CAS": "109-99-9",
        "mw": 72.1057,
        "p_vap": [
            9.12689661241373,
            1202.942,
            -46.818
        ],
        "Tc": 541.0,
        "Pc": 5258767.5,
        "rho_liq": null,
        "rho_vap": null,
        "cp_liq": [
            124.1
        ],
        "cp_vap": [
            77.18
        ]
    },
    "ethanol": {
        "Formula": "C2H6O",
        "CAS": "64-17-5",
        "mw": 46.0684,
        "p_vap": [
            10.25248661241373,
            1598.673,
            -46.424
        ],
        "Tc": 514.0,
        "Pc": 6383475.0,
        "rho_liq": null,
        "rho_vap": null,
        "cp_liq": [
            112.4
        ],
        "cp_vap": [
            65.49
        ]
    },
    "heptane": {
        "Formula": "C7H16",
        "CAS": "142-82-5",
        "mw": 100.2019,
        "p_vap": [
            9.03403661241373,
            1268.636,
            -56.199
        ],
        "Tc": 540.0,
        "Pc": 2776305.0,
        "rho_liq": null,
        "rho_vap": null,
        "cp_liq": [
            224.64
        ],
        "cp_vap": [
            165.98
        ]
    },
    "dodecane": {
        "Formula": "C12H26",
        "CAS": "112-40-3",
        "mw": 170.3348,
        "p_vap": [
            9.111206612413731,
            1625.928,
            -92.839
        ],
        "Tc": 658.2,
        "Pc": 1848167.9999999998,
        "rho_liq": null,
        "rho_vap": null,
        "cp_liq": [
            376.0
        ],
        "cp_vap": null
    },
    "ethylacetate": {
        "Formula": "C4H8O2",
        "CAS": "141-78-6",
        "mw": 88.1051,
        "p_vap": [
            9.23380661241373,
            1245.702,
            -55.189
        ],
        "Tc": 530.0,
        "Pc": 4336710.0,
        "rho_liq": null,
        "rho_vap": null,
        "cp_liq": [
            168.94
        ],
        "cp_vap": [
            125.82
        ]
    },
    "water": {
        "Formula": "H2O",
        "CAS": "7732-18-5",
        "mw": 18.0153,
        "p_vap": [
            10.08251661241373,
            1659.793,
            -45.854
        ],
        "Tc": 647.0,
        "Pc": 22356348.0,
        "rho_liq": null,
        "rho_vap": null,
        "cp_liq": null,
        "cp_vap": null
    }
}